uniqueItemId,number,nameKo,cardSummaryKo,tendencyKo,conditionKo,effectKo,noteKo
UNIQUE_1_AWAKENED_ONE,1,모나드,1을 모아 11로 각성,하이리스크형,1을 3개 사용,다음 수식 1 → 11,사용 횟수는 스테이지별 초기화. 조건 도달 수식이 아니라 다음 유효 수식에 적용.
UNIQUE_2_PROBABILITY_STRIKE,2,츠바이하우,발동 확률 50% + 2당 +30%p,확률 일격형,Attack Mode 양수 결과 + 수식 내 2,발동 시 결과값의 50% 추가 피해,"기본 발동 확률 50%. 수식 안의 2 하나당 +30%p, 최대 90%."
UNIQUE_3_TRINITY,3,삼위일체,3·6·9 종류 수만큼 최대 3스택,완성 조건형,3·6·9 중 하나 이상 포함,1스택당 추가 피해 + 보호막,"3·6·9의 서로 다른 종류 수만 중첩. Attack Mode는 1스택당 피해 +30, 보호막 +30. Defense Mode는 1스택당 보호막 +60. 최대 3스택."
UNIQUE_4_ORDER_OF_OPERATIONS,4,테트라,A셀 90/10 · B셀 10/90 배치,보드 질서형,보유 중 상시,기본 배치 비율 변경,"기본 배치 비율은 A셀 숫자/연산자 90%/10%, B셀 10%/90%. 유니크 아이템."
UNIQUE_5_SHIELD_NUMBER,5,펜타그램,5 하나당 보호막 +5,보호막형,수식 안에 5 포함,5마다 보호막 +5,Attack Mode와 Defense Mode 모두에서 적용. 수식 안의 5 하나당 보호막 +5.
UNIQUE_6_FLAT_WEALTH,6,VI,클리어 보상 계산값 +50,고정 경제형,스테이지 클리어,클리어 보상 계산값 +50,"유니크8 보유 시 140% 적용 후 +50, 이후 최종 보상 1.5배 적용."
UNIQUE_7_DAVID,7,다비드,길이 7이면 결과값의 50% 추가 피해,정밀 일격형,Attack Mode 양수 결과 + 수식 길이 7,결과값의 50% 추가 피해,Attack Mode 양수 결과에서만 발동. 연결 수 증가 아이템과 시너지.
UNIQUE_8_PERCENT_WEALTH,8,우로보로스,기본 클리어 골드 140%,성장 경제형,스테이지 클리어,기본 클리어 골드 140%,"유니크6의 +50보다 먼저 적용되고, 이후 최종 보상 1.5배 적용."
UNIQUE_9_ODINS_NINE_TRIALS,9,위그드라실,3턴마다 6 이하 숫자를 9로 변환,시험 변환형,3턴마다(유효 수식 기준),보드 전체 6 이하 숫자 → 9,3·6·9·12… 모든 3의 배수 유효 턴에 계산 전 보드 전체의 6 이하 숫자 타일이 9로 변환.
